geoid,tract_name,as_of,nowcast_gap,baseline_gap,delta,uncertainty,coverage_score
36119000101,Census Tract 1.01,2026-06-11T20:37:58.636733+00:00,0.08720,0.08400,0.00320,0.02830,0.750
36119000103,Census Tract 1.03,2026-06-11T20:37:58.636733+00:00,0.08720,0.08400,0.00320,0.02830,0.750
36119000104,Census Tract 1.04,2026-06-11T20:37:58.636733+00:00,0.08720,0.08400,0.00320,0.02830,0.750
36119000202,Census Tract 2.02,2026-06-11T20:37:58.636733+00:00,0.08720,0.08400,0.00320,0.02830,0.750
36119000203,Census Tract 2.03,2026-06-11T20:37:58.636733+00:00,0.08720,0.08400,0.00320,0.02830,0.750
36119000204,Census Tract 2.04,2026-06-11T20:37:58.636733+00:00,0.08720,0.08400,0.00320,0.02830,0.750
36119000205,Census Tract 2.05,2026-06-11T20:37:58.636733+00:00,0.08720,0.08400,0.00320,0.02830,0.750
36119000300,Census Tract 3,2026-06-11T20:37:58.636733+00:00,0.08720,0.08400,0.00320,0.02830,0.750
36119000401,Census Tract 4.01,2026-06-11T20:37:58.636733+00:00,0.08720,0.08400,0.00320,0.02830,0.750
36119000403,Census Tract 4.03,2026-06-11T20:37:58.636733+00:00,0.08720,0.08400,0.00320,0.02830,0.750
36119000404,Census Tract 4.04,2026-06-11T20:37:58.636733+00:00,0.08720,0.08400,0.00320,0.02830,0.750
36119000501,Census Tract 5.01,2026-06-11T20:37:58.636733+00:00,0.08720,0.08400,0.00320,0.02830,0.750
36119000502,Census Tract 5.02,2026-06-11T20:37:58.636733+00:00,0.08720,0.08400,0.00320,0.02830,0.750
36119000601,Census Tract 6.01,2026-06-11T20:37:58.636733+00:00,0.08720,0.08400,0.00320,0.02830,0.750
36119000602,Census Tract 6.02,2026-06-11T20:37:58.636733+00:00,0.08720,0.08400,0.00320,0.02830,0.750
36119000701,Census Tract 7.01,2026-06-11T20:37:58.636733+00:00,0.08720,0.08400,0.00320,0.02830,0.750
36119000702,Census Tract 7.02,2026-06-11T20:37:58.636733+00:00,0.08720,0.08400,0.00320,0.02830,0.750
36119000801,Census Tract 8.01,2026-06-11T20:37:58.636733+00:00,0.08720,0.08400,0.00320,0.02830,0.750
36119000802,Census Tract 8.02,2026-06-11T20:37:58.636733+00:00,0.08720,0.08400,0.00320,0.02830,0.750
36119000803,Census Tract 8.03,2026-06-11T20:37:58.636733+00:00,0.08720,0.08400,0.00320,0.02830,0.750
36119000900,Census Tract 9,2026-06-11T20:37:58.636733+00:00,0.08720,0.08400,0.00320,0.02830,0.750
36119001000,Census Tract 10,2026-06-11T20:37:58.636733+00:00,0.08720,0.08400,0.00320,0.02830,0.750
36119001101,Census Tract 11.01,2026-06-11T20:37:58.636733+00:00,0.08720,0.08400,0.00320,0.02830,0.750
36119001102,Census Tract 11.02,2026-06-11T20:37:58.636733+00:00,0.08720,0.08400,0.00320,0.02830,0.750
36119001200,Census Tract 12,2026-06-11T20:37:58.636733+00:00,0.08720,0.08400,0.00320,0.02830,0.750
36119001301,Census Tract 13.01,2026-06-11T20:37:58.636733+00:00,0.08720,0.08400,0.00320,0.02830,0.750
36119001302,Census Tract 13.02,2026-06-11T20:37:58.636733+00:00,0.08720,0.08400,0.00320,0.02830,0.750
36119001304,Census Tract 13.04,2026-06-11T20:37:58.636733+00:00,0.08720,0.08400,0.00320,0.02830,0.750
36119001305,Census Tract 13.05,2026-06-11T20:37:58.636733+00:00,0.08720,0.08400,0.00320,0.02830,0.750
36119001401,Census Tract 14.01,2026-06-11T20:37:58.636733+00:00,0.08720,0.08400,0.00320,0.02830,0.750
36119001402,Census Tract 14.02,2026-06-11T20:37:58.636733+00:00,0.08720,0.08400,0.00320,0.02830,0.750
36119001403,Census Tract 14.03,2026-06-11T20:37:58.636733+00:00,0.08720,0.08400,0.00320,0.02830,0.750
36119001502,Census Tract 15.02,2026-06-11T20:37:58.636733+00:00,0.08720,0.08400,0.00320,0.02830,0.750
36119001503,Census Tract 15.03,2026-06-11T20:37:58.636733+00:00,0.08720,0.08400,0.00320,0.02830,0.750
36119001504,Census Tract 15.04,2026-06-11T20:37:58.636733+00:00,0.08720,0.08400,0.00320,0.02830,0.750
36119001505,Census Tract 15.05,2026-06-11T20:37:58.636733+00:00,0.08720,0.08400,0.00320,0.02830,0.750
36119001600,Census Tract 16,2026-06-11T20:37:58.636733+00:00,0.08720,0.08400,0.00320,0.02830,0.750
36119001701,Census Tract 17.01,2026-06-11T20:37:58.636733+00:00,0.08720,0.08400,0.00320,0.02830,0.750
36119001702,Census Tract 17.02,2026-06-11T20:37:58.636733+00:00,0.08720,0.08400,0.00320,0.02830,0.750
36119001800,Census Tract 18,2026-06-11T20:37:58.636733+00:00,0.08720,0.08400,0.00320,0.02830,0.750
36119001900,Census Tract 19,2026-06-11T20:37:58.636733+00:00,0.08720,0.08400,0.00320,0.02830,0.750
36119002000,Census Tract 20,2026-06-11T20:37:58.636733+00:00,0.08720,0.08400,0.00320,0.02830,0.750
36119002101,Census Tract 21.01,2026-06-11T20:37:58.636733+00:00,0.08720,0.08400,0.00320,0.02830,0.750
36119002103,Census Tract 21.03,2026-06-11T20:37:58.636733+00:00,0.08720,0.08400,0.00320,0.02830,0.750
36119002104,Census Tract 21.04,2026-06-11T20:37:58.636733+00:00,0.08720,0.08400,0.00320,0.02830,0.750
36119002105,Census Tract 21.05,2026-06-11T20:37:58.636733+00:00,0.08720,0.08400,0.00320,0.02830,0.750
36119002106,Census Tract 21.06,2026-06-11T20:37:58.636733+00:00,0.08720,0.08400,0.00320,0.02830,0.750
36119002107,Census Tract 21.07,2026-06-11T20:37:58.636733+00:00,0.08720,0.08400,0.00320,0.02830,0.750
36119002201,Census Tract 22.01,2026-06-11T20:37:58.636733+00:00,0.08720,0.08400,0.00320,0.02830,0.750
36119002202,Census Tract 22.02,2026-06-11T20:37:58.636733+00:00,0.08720,0.08400,0.00320,0.02830,0.750
36119002203,Census Tract 22.03,2026-06-11T20:37:58.636733+00:00,0.08720,0.08400,0.00320,0.02830,0.750
36119002204,Census Tract 22.04,2026-06-11T20:37:58.636733+00:00,0.08720,0.08400,0.00320,0.02830,0.750
36119002300,Census Tract 23,2026-06-11T20:37:58.636733+00:00,0.08720,0.08400,0.00320,0.02830,0.750
36119002401,Census Tract 24.01,2026-06-11T20:37:58.636733+00:00,0.08720,0.08400,0.00320,0.02830,0.750
36119002402,Census Tract 24.02,2026-06-11T20:37:58.636733+00:00,0.08720,0.08400,0.00320,0.02830,0.750
36119002403,Census Tract 24.03,2026-06-11T20:37:58.636733+00:00,0.08720,0.08400,0.00320,0.02830,0.750
36119002404,Census Tract 24.04,2026-06-11T20:37:58.636733+00:00,0.08720,0.08400,0.00320,0.02830,0.750
36119002405,Census Tract 24.05,2026-06-11T20:37:58.636733+00:00,0.08720,0.08400,0.00320,0.02830,0.750
36119002600,Census Tract 26,2026-06-11T20:37:58.636733+00:00,0.08720,0.08400,0.00320,0.02830,0.750
36119002700,Census Tract 27,2026-06-11T20:37:58.636733+00:00,0.08720,0.08400,0.00320,0.02830,0.750
36119002800,Census Tract 28,2026-06-11T20:37:58.636733+00:00,0.08720,0.08400,0.00320,0.02830,0.750
36119002900,Census Tract 29,2026-06-11T20:37:58.636733+00:00,0.08720,0.08400,0.00320,0.02830,0.750
36119003000,Census Tract 30,2026-06-11T20:37:58.636733+00:00,0.08720,0.08400,0.00320,0.02830,0.750
36119003100,Census Tract 31,2026-06-11T20:37:58.636733+00:00,0.08720,0.08400,0.00320,0.02830,0.750
36119003200,Census Tract 32,2026-06-11T20:37:58.636733+00:00,0.08720,0.08400,0.00320,0.02830,0.750
36119003300,Census Tract 33,2026-06-11T20:37:58.636733+00:00,0.08720,0.08400,0.00320,0.02830,0.750
36119003400,Census Tract 34,2026-06-11T20:37:58.636733+00:00,0.08720,0.08400,0.00320,0.02830,0.750
36119003500,Census Tract 35,2026-06-11T20:37:58.636733+00:00,0.08720,0.08400,0.00320,0.02830,0.750
36119003600,Census Tract 36,2026-06-11T20:37:58.636733+00:00,0.08720,0.08400,0.00320,0.02830,0.750
36119003700,Census Tract 37,2026-06-11T20:37:58.636733+00:00,0.08720,0.08400,0.00320,0.02830,0.750
36119003800,Census Tract 38,2026-06-11T20:37:58.636733+00:00,0.08720,0.08400,0.00320,0.02830,0.750
36119003900,Census Tract 39,2026-06-11T20:37:58.636733+00:00,0.08720,0.08400,0.00320,0.02830,0.750
36119004001,Census Tract 40.01,2026-06-11T20:37:58.636733+00:00,0.08720,0.08400,0.00320,0.02830,0.750
36119004002,Census Tract 40.02,2026-06-11T20:37:58.636733+00:00,0.08720,0.08400,0.00320,0.02830,0.750
36119004100,Census Tract 41,2026-06-11T20:37:58.636733+00:00,0.08720,0.08400,0.00320,0.02830,0.750
36119004200,Census Tract 42,2026-06-11T20:37:58.636733+00:00,0.08720,0.08400,0.00320,0.02830,0.750
36119004500,Census Tract 45,2026-06-11T20:37:58.636733+00:00,0.08720,0.08400,0.00320,0.02830,0.750
36119004600,Census Tract 46,2026-06-11T20:37:58.636733+00:00,0.08720,0.08400,0.00320,0.02830,0.750
36119004700,Census Tract 47,2026-06-11T20:37:58.636733+00:00,0.08720,0.08400,0.00320,0.02830,0.750
36119004801,Census Tract 48.01,2026-06-11T20:37:58.636733+00:00,0.08720,0.08400,0.00320,0.02830,0.750
36119004802,Census Tract 48.02,2026-06-11T20:37:58.636733+00:00,0.08720,0.08400,0.00320,0.02830,0.750
36119004900,Census Tract 49,2026-06-11T20:37:58.636733+00:00,0.08720,0.08400,0.00320,0.02830,0.750
36119005001,Census Tract 50.01,2026-06-11T20:37:58.636733+00:00,0.08720,0.08400,0.00320,0.02830,0.750
36119005002,Census Tract 50.02,2026-06-11T20:37:58.636733+00:00,0.08720,0.08400,0.00320,0.02830,0.750
36119005100,Census Tract 51,2026-06-11T20:37:58.636733+00:00,0.08720,0.08400,0.00320,0.02830,0.750
36119005200,Census Tract 52,2026-06-11T20:37:58.636733+00:00,0.08720,0.08400,0.00320,0.02830,0.750
36119005300,Census Tract 53,2026-06-11T20:37:58.636733+00:00,0.08720,0.08400,0.00320,0.02830,0.750
36119005400,Census Tract 54,2026-06-11T20:37:58.636733+00:00,0.08720,0.08400,0.00320,0.02830,0.750
36119005500,Census Tract 55,2026-06-11T20:37:58.636733+00:00,0.08720,0.08400,0.00320,0.02830,0.750
36119005600,Census Tract 56,2026-06-11T20:37:58.636733+00:00,0.08720,0.08400,0.00320,0.02830,0.750
36119005702,Census Tract 57.02,2026-06-11T20:37:58.636733+00:00,0.08720,0.08400,0.00320,0.02830,0.750
36119005703,Census Tract 57.03,2026-06-11T20:37:58.636733+00:00,0.08720,0.08400,0.00320,0.02830,0.750
36119005704,Census Tract 57.04,2026-06-11T20:37:58.636733+00:00,0.08720,0.08400,0.00320,0.02830,0.750
36119005800,Census Tract 58,2026-06-11T20:37:58.636733+00:00,0.08720,0.08400,0.00320,0.02830,0.750
36119005901,Census Tract 59.01,2026-06-11T20:37:58.636733+00:00,0.08720,0.08400,0.00320,0.02830,0.750
36119005902,Census Tract 59.02,2026-06-11T20:37:58.636733+00:00,0.08720,0.08400,0.00320,0.02830,0.750
36119006000,Census Tract 60,2026-06-11T20:37:58.636733+00:00,0.08720,0.08400,0.00320,0.02830,0.750
36119006100,Census Tract 61,2026-06-11T20:37:58.636733+00:00,0.08720,0.08400,0.00320,0.02830,0.750
36119006200,Census Tract 62,2026-06-11T20:37:58.636733+00:00,0.08720,0.08400,0.00320,0.02830,0.750
36119006301,Census Tract 63.01,2026-06-11T20:37:58.636733+00:00,0.08720,0.08400,0.00320,0.02830,0.750
36119006302,Census Tract 63.02,2026-06-11T20:37:58.636733+00:00,0.08720,0.08400,0.00320,0.02830,0.750
36119006400,Census Tract 64,2026-06-11T20:37:58.636733+00:00,0.08720,0.08400,0.00320,0.02830,0.750
36119006500,Census Tract 65,2026-06-11T20:37:58.636733+00:00,0.08720,0.08400,0.00320,0.02830,0.750
36119006600,Census Tract 66,2026-06-11T20:37:58.636733+00:00,0.08720,0.08400,0.00320,0.02830,0.750
36119006700,Census Tract 67,2026-06-11T20:37:58.636733+00:00,0.08720,0.08400,0.00320,0.02830,0.750
36119006801,Census Tract 68.01,2026-06-11T20:37:58.636733+00:00,0.08720,0.08400,0.00320,0.02830,0.750
36119006802,Census Tract 68.02,2026-06-11T20:37:58.636733+00:00,0.08720,0.08400,0.00320,0.02830,0.750
36119006900,Census Tract 69,2026-06-11T20:37:58.636733+00:00,0.08720,0.08400,0.00320,0.02830,0.750
36119007000,Census Tract 70,2026-06-11T20:37:58.636733+00:00,0.08720,0.08400,0.00320,0.02830,0.750
36119007100,Census Tract 71,2026-06-11T20:37:58.636733+00:00,0.08720,0.08400,0.00320,0.02830,0.750
36119007200,Census Tract 72,2026-06-11T20:37:58.636733+00:00,0.08720,0.08400,0.00320,0.02830,0.750
36119007300,Census Tract 73,2026-06-11T20:37:58.636733+00:00,0.08720,0.08400,0.00320,0.02830,0.750
36119007401,Census Tract 74.01,2026-06-11T20:37:58.636733+00:00,0.08720,0.08400,0.00320,0.02830,0.750
36119007402,Census Tract 74.02,2026-06-11T20:37:58.636733+00:00,0.08720,0.08400,0.00320,0.02830,0.750
36119007500,Census Tract 75,2026-06-11T20:37:58.636733+00:00,0.08720,0.08400,0.00320,0.02830,0.750
36119007600,Census Tract 76,2026-06-11T20:37:58.636733+00:00,0.08720,0.08400,0.00320,0.02830,0.750
36119007700,Census Tract 77,2026-06-11T20:37:58.636733+00:00,0.08720,0.08400,0.00320,0.02830,0.750
36119007800,Census Tract 78,2026-06-11T20:37:58.636733+00:00,0.08720,0.08400,0.00320,0.02830,0.750
36119007901,Census Tract 79.01,2026-06-11T20:37:58.636733+00:00,0.08720,0.08400,0.00320,0.02830,0.750
36119007902,Census Tract 79.02,2026-06-11T20:37:58.636733+00:00,0.08720,0.08400,0.00320,0.02830,0.750
36119008000,Census Tract 80,2026-06-11T20:37:58.636733+00:00,0.08720,0.08400,0.00320,0.02830,0.750
36119008100,Census Tract 81,2026-06-11T20:37:58.636733+00:00,0.08720,0.08400,0.00320,0.02830,0.750
36119008200,Census Tract 82,2026-06-11T20:37:58.636733+00:00,0.08720,0.08400,0.00320,0.02830,0.750
36119008301,Census Tract 83.01,2026-06-11T20:37:58.636733+00:00,0.08720,0.08400,0.00320,0.02830,0.750
36119008302,Census Tract 83.02,2026-06-11T20:37:58.636733+00:00,0.08720,0.08400,0.00320,0.02830,0.750
36119008401,Census Tract 84.01,2026-06-11T20:37:58.636733+00:00,0.08720,0.08400,0.00320,0.02830,0.750
36119008403,Census Tract 84.03,2026-06-11T20:37:58.636733+00:00,0.08720,0.08400,0.00320,0.02830,0.750
36119008404,Census Tract 84.04,2026-06-11T20:37:58.636733+00:00,0.08720,0.08400,0.00320,0.02830,0.750
36119008500,Census Tract 85,2026-06-11T20:37:58.636733+00:00,0.08720,0.08400,0.00320,0.02830,0.750
36119008602,Census Tract 86.02,2026-06-11T20:37:58.636733+00:00,0.08720,0.08400,0.00320,0.02830,0.750
36119008700,Census Tract 87,2026-06-11T20:37:58.636733+00:00,0.08720,0.08400,0.00320,0.02830,0.750
36119008801,Census Tract 88.01,2026-06-11T20:37:58.636733+00:00,0.08720,0.08400,0.00320,0.02830,0.750
36119008802,Census Tract 88.02,2026-06-11T20:37:58.636733+00:00,0.08720,0.08400,0.00320,0.02830,0.750
36119008901,Census Tract 89.01,2026-06-11T20:37:58.636733+00:00,0.08720,0.08400,0.00320,0.02830,0.750
36119008902,Census Tract 89.02,2026-06-11T20:37:58.636733+00:00,0.08720,0.08400,0.00320,0.02830,0.750
36119009000,Census Tract 90,2026-06-11T20:37:58.636733+00:00,0.08720,0.08400,0.00320,0.02830,0.750
36119009100,Census Tract 91,2026-06-11T20:37:58.636733+00:00,0.08720,0.08400,0.00320,0.02830,0.750
36119009201,Census Tract 92.01,2026-06-11T20:37:58.636733+00:00,0.08720,0.08400,0.00320,0.02830,0.750
36119009202,Census Tract 92.02,2026-06-11T20:37:58.636733+00:00,0.08720,0.08400,0.00320,0.02830,0.750
36119009300,Census Tract 93,2026-06-11T20:37:58.636733+00:00,0.08720,0.08400,0.00320,0.02830,0.750
36119009400,Census Tract 94,2026-06-11T20:37:58.636733+00:00,0.08720,0.08400,0.00320,0.02830,0.750
36119009500,Census Tract 95,2026-06-11T20:37:58.636733+00:00,0.08720,0.08400,0.00320,0.02830,0.750
36119009600,Census Tract 96,2026-06-11T20:37:58.636733+00:00,0.08720,0.08400,0.00320,0.02830,0.750
36119009701,Census Tract 97.01,2026-06-11T20:37:58.636733+00:00,0.08720,0.08400,0.00320,0.02830,0.750
36119009702,Census Tract 97.02,2026-06-11T20:37:58.636733+00:00,0.08720,0.08400,0.00320,0.02830,0.750
36119009703,Census Tract 97.03,2026-06-11T20:37:58.636733+00:00,0.08720,0.08400,0.00320,0.02830,0.750
36119009800,Census Tract 98,2026-06-11T20:37:58.636733+00:00,0.08720,0.08400,0.00320,0.02830,0.750
36119009900,Census Tract 99,2026-06-11T20:37:58.636733+00:00,0.08720,0.08400,0.00320,0.02830,0.750
36119010000,Census Tract 100,2026-06-11T20:37:58.636733+00:00,0.08720,0.08400,0.00320,0.02830,0.750
36119010100,Census Tract 101,2026-06-11T20:37:58.636733+00:00,0.08720,0.08400,0.00320,0.02830,0.750
36119010200,Census Tract 102,2026-06-11T20:37:58.636733+00:00,0.08720,0.08400,0.00320,0.02830,0.750
36119010300,Census Tract 103,2026-06-11T20:37:58.636733+00:00,0.08720,0.08400,0.00320,0.02830,0.750
36119010400,Census Tract 104,2026-06-11T20:37:58.636733+00:00,0.08720,0.08400,0.00320,0.02830,0.750
36119010500,Census Tract 105,2026-06-11T20:37:58.636733+00:00,0.08720,0.08400,0.00320,0.02830,0.750
36119010600,Census Tract 106,2026-06-11T20:37:58.636733+00:00,0.08720,0.08400,0.00320,0.02830,0.750
36119010701,Census Tract 107.01,2026-06-11T20:37:58.636733+00:00,0.08720,0.08400,0.00320,0.02830,0.750
36119010702,Census Tract 107.02,2026-06-11T20:37:58.636733+00:00,0.08720,0.08400,0.00320,0.02830,0.750
36119010801,Census Tract 108.01,2026-06-11T20:37:58.636733+00:00,0.08720,0.08400,0.00320,0.02830,0.750
36119010803,Census Tract 108.03,2026-06-11T20:37:58.636733+00:00,0.08720,0.08400,0.00320,0.02830,0.750
36119010804,Census Tract 108.04,2026-06-11T20:37:58.636733+00:00,0.08720,0.08400,0.00320,0.02830,0.750
36119010901,Census Tract 109.01,2026-06-11T20:37:58.636733+00:00,0.08720,0.08400,0.00320,0.02830,0.750
36119010902,Census Tract 109.02,2026-06-11T20:37:58.636733+00:00,0.08720,0.08400,0.00320,0.02830,0.750
36119010903,Census Tract 109.03,2026-06-11T20:37:58.636733+00:00,0.08720,0.08400,0.00320,0.02830,0.750
36119011000,Census Tract 110,2026-06-11T20:37:58.636733+00:00,0.08720,0.08400,0.00320,0.02830,0.750
36119011101,Census Tract 111.01,2026-06-11T20:37:58.636733+00:00,0.08720,0.08400,0.00320,0.02830,0.750
36119011102,Census Tract 111.02,2026-06-11T20:37:58.636733+00:00,0.08720,0.08400,0.00320,0.02830,0.750
36119011200,Census Tract 112,2026-06-11T20:37:58.636733+00:00,0.08720,0.08400,0.00320,0.02830,0.750
36119011300,Census Tract 113,2026-06-11T20:37:58.636733+00:00,0.08720,0.08400,0.00320,0.02830,0.750
36119011401,Census Tract 114.01,2026-06-11T20:37:58.636733+00:00,0.08720,0.08400,0.00320,0.02830,0.750
36119011402,Census Tract 114.02,2026-06-11T20:37:58.636733+00:00,0.08720,0.08400,0.00320,0.02830,0.750
36119011500,Census Tract 115,2026-06-11T20:37:58.636733+00:00,0.08720,0.08400,0.00320,0.02830,0.750
36119011601,Census Tract 116.01,2026-06-11T20:37:58.636733+00:00,0.08720,0.08400,0.00320,0.02830,0.750
36119011602,Census Tract 116.02,2026-06-11T20:37:58.636733+00:00,0.08720,0.08400,0.00320,0.02830,0.750
36119011700,Census Tract 117,2026-06-11T20:37:58.636733+00:00,0.08720,0.08400,0.00320,0.02830,0.750
36119011800,Census Tract 118,2026-06-11T20:37:58.636733+00:00,0.08720,0.08400,0.00320,0.02830,0.750
36119011902,Census Tract 119.02,2026-06-11T20:37:58.636733+00:00,0.08720,0.08400,0.00320,0.02830,0.750
36119012000,Census Tract 120,2026-06-11T20:37:58.636733+00:00,0.08720,0.08400,0.00320,0.02830,0.750
36119012101,Census Tract 121.01,2026-06-11T20:37:58.636733+00:00,0.08720,0.08400,0.00320,0.02830,0.750
36119012102,Census Tract 121.02,2026-06-11T20:37:58.636733+00:00,0.08720,0.08400,0.00320,0.02830,0.750
36119012201,Census Tract 122.01,2026-06-11T20:37:58.636733+00:00,0.08720,0.08400,0.00320,0.02830,0.750
36119012202,Census Tract 122.02,2026-06-11T20:37:58.636733+00:00,0.08720,0.08400,0.00320,0.02830,0.750
36119012301,Census Tract 123.01,2026-06-11T20:37:58.636733+00:00,0.08720,0.08400,0.00320,0.02830,0.750
36119012303,Census Tract 123.03,2026-06-11T20:37:58.636733+00:00,0.08720,0.08400,0.00320,0.02830,0.750
36119012304,Census Tract 123.04,2026-06-11T20:37:58.636733+00:00,0.08720,0.08400,0.00320,0.02830,0.750
36119012400,Census Tract 124,2026-06-11T20:37:58.636733+00:00,0.08720,0.08400,0.00320,0.02830,0.750
36119012501,Census Tract 125.01,2026-06-11T20:37:58.636733+00:00,0.08720,0.08400,0.00320,0.02830,0.750
36119012502,Census Tract 125.02,2026-06-11T20:37:58.636733+00:00,0.08720,0.08400,0.00320,0.02830,0.750
36119012503,Census Tract 125.03,2026-06-11T20:37:58.636733+00:00,0.08720,0.08400,0.00320,0.02830,0.750
36119012600,Census Tract 126,2026-06-11T20:37:58.636733+00:00,0.08720,0.08400,0.00320,0.02830,0.750
36119012700,Census Tract 127,2026-06-11T20:37:58.636733+00:00,0.08720,0.08400,0.00320,0.02830,0.750
36119012803,Census Tract 128.03,2026-06-11T20:37:58.636733+00:00,0.08720,0.08400,0.00320,0.02830,0.750
36119012804,Census Tract 128.04,2026-06-11T20:37:58.636733+00:00,0.08720,0.08400,0.00320,0.02830,0.750
36119012900,Census Tract 129,2026-06-11T20:37:58.636733+00:00,0.08720,0.08400,0.00320,0.02830,0.750
36119013000,Census Tract 130,2026-06-11T20:37:58.636733+00:00,0.08720,0.08400,0.00320,0.02830,0.750
36119013102,Census Tract 131.02,2026-06-11T20:37:58.636733+00:00,0.08720,0.08400,0.00320,0.02830,0.750
36119013103,Census Tract 131.03,2026-06-11T20:37:58.636733+00:00,0.08720,0.08400,0.00320,0.02830,0.750
36119013104,Census Tract 131.04,2026-06-11T20:37:58.636733+00:00,0.08720,0.08400,0.00320,0.02830,0.750
36119013201,Census Tract 132.01,2026-06-11T20:37:58.636733+00:00,0.08720,0.08400,0.00320,0.02830,0.750
36119013202,Census Tract 132.02,2026-06-11T20:37:58.636733+00:00,0.08720,0.08400,0.00320,0.02830,0.750
36119013301,Census Tract 133.01,2026-06-11T20:37:58.636733+00:00,0.08720,0.08400,0.00320,0.02830,0.750
36119013304,Census Tract 133.04,2026-06-11T20:37:58.636733+00:00,0.08720,0.08400,0.00320,0.02830,0.750
36119013401,Census Tract 134.01,2026-06-11T20:37:58.636733+00:00,0.08720,0.08400,0.00320,0.02830,0.750
36119013402,Census Tract 134.02,2026-06-11T20:37:58.636733+00:00,0.08720,0.08400,0.00320,0.02830,0.750
36119013500,Census Tract 135,2026-06-11T20:37:58.636733+00:00,0.08720,0.08400,0.00320,0.02830,0.750
36119013600,Census Tract 136,2026-06-11T20:37:58.636733+00:00,0.08720,0.08400,0.00320,0.02830,0.750
36119013700,Census Tract 137,2026-06-11T20:37:58.636733+00:00,0.08720,0.08400,0.00320,0.02830,0.750
36119013800,Census Tract 138,2026-06-11T20:37:58.636733+00:00,0.08720,0.08400,0.00320,0.02830,0.750
36119013900,Census Tract 139,2026-06-11T20:37:58.636733+00:00,0.08720,0.08400,0.00320,0.02830,0.750
36119014000,Census Tract 140,2026-06-11T20:37:58.636733+00:00,0.08720,0.08400,0.00320,0.02830,0.750
36119014100,Census Tract 141,2026-06-11T20:37:58.636733+00:00,0.08720,0.08400,0.00320,0.02830,0.750
36119014200,Census Tract 142,2026-06-11T20:37:58.636733+00:00,0.08720,0.08400,0.00320,0.02830,0.750
36119014300,Census Tract 143,2026-06-11T20:37:58.636733+00:00,0.08720,0.08400,0.00320,0.02830,0.750
36119014400,Census Tract 144,2026-06-11T20:37:58.636733+00:00,0.08720,0.08400,0.00320,0.02830,0.750
36119014500,Census Tract 145,2026-06-11T20:37:58.636733+00:00,0.08720,0.08400,0.00320,0.02830,0.750
36119014604,Census Tract 146.04,2026-06-11T20:37:58.636733+00:00,0.08720,0.08400,0.00320,0.02830,0.750
36119014605,Census Tract 146.05,2026-06-11T20:37:58.636733+00:00,0.08720,0.08400,0.00320,0.02830,0.750
36119014606,Census Tract 146.06,2026-06-11T20:37:58.636733+00:00,0.08720,0.08400,0.00320,0.02830,0.750
36119014607,Census Tract 146.07,2026-06-11T20:37:58.636733+00:00,0.08720,0.08400,0.00320,0.02830,0.750
36119014701,Census Tract 147.01,2026-06-11T20:37:58.636733+00:00,0.08720,0.08400,0.00320,0.02830,0.750
36119014703,Census Tract 147.03,2026-06-11T20:37:58.636733+00:00,0.08720,0.08400,0.00320,0.02830,0.750
36119014704,Census Tract 147.04,2026-06-11T20:37:58.636733+00:00,0.08720,0.08400,0.00320,0.02830,0.750
36119014805,Census Tract 148.05,2026-06-11T20:37:58.636733+00:00,0.08720,0.08400,0.00320,0.02830,0.750
36119014806,Census Tract 148.06,2026-06-11T20:37:58.636733+00:00,0.08720,0.08400,0.00320,0.02830,0.750
36119014808,Census Tract 148.08,2026-06-11T20:37:58.636733+00:00,0.08720,0.08400,0.00320,0.02830,0.750
36119014809,Census Tract 148.09,2026-06-11T20:37:58.636733+00:00,0.08720,0.08400,0.00320,0.02830,0.750
36119014810,Census Tract 148.10,2026-06-11T20:37:58.636733+00:00,0.08720,0.08400,0.00320,0.02830,0.750
36119014811,Census Tract 148.11,2026-06-11T20:37:58.636733+00:00,0.08720,0.08400,0.00320,0.02830,0.750
36119014812,Census Tract 148.12,2026-06-11T20:37:58.636733+00:00,0.08720,0.08400,0.00320,0.02830,0.750
36119014813,Census Tract 148.13,2026-06-11T20:37:58.636733+00:00,0.08720,0.08400,0.00320,0.02830,0.750
36119014901,Census Tract 149.01,2026-06-11T20:37:58.636733+00:00,0.08720,0.08400,0.00320,0.02830,0.750
36119014903,Census Tract 149.03,2026-06-11T20:37:58.636733+00:00,0.08720,0.08400,0.00320,0.02830,0.750
36119014907,Census Tract 149.07,2026-06-11T20:37:58.636733+00:00,0.08720,0.08400,0.00320,0.02830,0.750
36119014908,Census Tract 149.08,2026-06-11T20:37:58.636733+00:00,0.08720,0.08400,0.00320,0.02830,0.750
36119014909,Census Tract 149.09,2026-06-11T20:37:58.636733+00:00,0.08720,0.08400,0.00320,0.02830,0.750
36119015000,Census Tract 150,2026-06-11T20:37:58.636733+00:00,0.08720,0.08400,0.00320,0.02830,0.750
36119015100,Census Tract 151,2026-06-11T20:37:58.636733+00:00,0.08720,0.08400,0.00320,0.02830,0.750
36119981000,Census Tract 9810,2026-06-11T20:37:58.636733+00:00,0.08720,0.08400,0.00320,0.02830,0.750
36119982000,Census Tract 9820,2026-06-11T20:37:58.636733+00:00,0.08720,0.08400,0.00320,0.02830,0.750
36119983000,Census Tract 9830,2026-06-11T20:37:58.636733+00:00,0.08720,0.08400,0.00320,0.02830,0.750
36119984000,Census Tract 9840,2026-06-11T20:37:58.636733+00:00,0.08720,0.08400,0.00320,0.02830,0.750
36119985000,Census Tract 9850,2026-06-11T20:37:58.636733+00:00,0.08720,0.08400,0.00320,0.02830,0.750
